Chistes;
¿Por qué la gallina cruzo la calle?: Para estar del otro lado;
Sabes por qué los hospitales tienen refrigeración? Para mantener frescos a los vegetales;
Cual es la fruta más chistosa? La naranjajajaja xddxdddxddd;
Cuanta leche da la vaca en su vida? La misma que de bajada;
when estornudas: A CHU;
Sabes con que perdió un bebé boxeador? Con qué So Bas está;
*empiezo a exponer* mis compas al toque: BUUUUUUU;
Sabes que es lo peor de comerse un reloj. Comerse el tiempo;
Sabes cuál es el país que ríe y explota? JaPON;
Di gris Malty Gris Te metí la lombriz;
creo que estoy estreñido me voy a ir a estados aver Chicago;
no estoy de humor, solo quiero una novia coja entre mas coja mejor;
Que es Messi en 45 días? Mess y Medio;
Saben porque mi teléfono no reconoce el lenguaje inclusivo? Por? Porque es un teléfono inteligente;
Yo cada vez que veo un mal meme: BUU MEME DE MIERDA;
Aquí mi intento: -Oiga, quiero comprar una PC no acuática - ¿Cómo que PC no acuática? - Sin navegador;
Vi un otaku triste y lo anime;
Me dicen el piano embrujado porque en las noches me toco solo;
Mi papá: Feo pero sociable Mi mamá: Bonita pero timida Yo: Lleno de microplásticos;
Porque la niña se murió cuando hiba al cine? Porque no vio el trailer cffff;
Sabes la definición de autodestrucción? Un leproso con epilepsia;
Cuando tu solo eres furra y a ti casi te desinstalan de la faz de la tierra: Oye no seas grosero;
"""No encuentro mi gato"" Yo: *llora por desesperación* Mi gato: busco sexo";
Cuál es el helado favorito de Darth Vader: Helado oscuro;
Mondongo, es lo último en guionazos;
Que le dijo un barco a una pera….. No se XDXDXD;
Dua Lipa cuando se sorprende Dua Flipa;
Un soldado borracho: hola mi general El comandante general? Acado no ves las estrellas? El soldado: perdón, mi cielo;
"""Un pajarito me contó que te no estás estudiando"" Pero si tu te estás drogando que haces hablando con pajaritos xdxdxd";
Ska cha cha Ceviche;
¿qué le dice una pared a otra? ¿Que? Nada las paredes no hablan;
A mi primo le dicen el lego porque lo dejaron en partes cuando lo secuestraron;
Había una vez un perrito llamado pegamento, un día se cayó y se pego;
Que le dijo un negro a otro negro? Nada ya que no tienen el derecho;
Si una puerta hace ruido en china, es rechina o redeaqui?;
Sabías que 1 de cada 3 personas es fea? Yo no soy feo, yo tampoco, tiene que ser 1 de 4, Luigi eres feo de cojones;
No se les dice Batman, Robin se les dice HUERFANOS JAJAJAJ *Le pregunta a Batman* te gustó el chiste? No. Tampoco a tus papás XDDDDD;
Así es jefa, yo hago el ASMR AAAAAAAAAA SU PUTA MADRE REPROBE SEIS MATERIAS;
"Hola cabrones hoy les voy a contar un chiste que me contó mi cuñado mientras nos tomabamos unas Fue en una época donde en la escurla se ponía de moda una canción sobre una vaca muy lechera y los alumnos la cantaban En una clase la maestra le pregunta a Jaimito ¿Quién descubrió América? Un compañero le susurraba al oído ""Colón Colón"" y Jaimito dice ""Ah sí, la vaca lechera""";
Como se dice vendedor de puertas en inglés? Vendedoor;
como me siento luego de haber esquivado un navajazo (me estaban operando);
Sabes porque los japoneses no le gustan los aviones, porque piensan que tiene una bomba;
Un vato bien despierto: No puedo dormir que pedo;
"Polvito que te hace decir ""por los dioses antiguos"": Por los dioses antiguos";
Mato gente como en GTA V pero en la vida real;
Nicolás Maduro agarra al señor elon mott, mientras tanto Elon Musk:;
Hola cabrones hoy les voy a contar un chiste que me contó mi cuñado mientras nos tomabamos unas Fue en una época donde en la escurla se ponía de moda una canción sobre una vaca muy lechera y los alumnos la cantaban En una clase la maestra le pregunta a Ja;
"Había una vez un padre y una madre que tuvieron a un hijo discapacitado llamado Chueco. Un día, el padre y la madre iban a tener relaciones y el niño entró a la habitación, el padre se dió cuenta y le dijó a la madre ""¡Entró Chueco, entró Chueco!"" Y la madre dijó ""No, entró bien""";
When: te sacan una pistola pero tú les avientas la Nintendo Switch corriendo Mortal Kombat 1 Skipdoosh xdxdxdxd;
-Abuelo ¿Porque estas frente al computador con los ojos cerrados? -Es que Google me dijo que cerrará las pestañas;
Batman si estuviera parado encima de un edificio mientras llueve con una luna muy grande detrás de él;
Cómo se llama un señor en silla de ruedas saliendo de un edificio en llamas? Un hotwheels.;
"Va un peruano y se encuentra con otra peruana y este le pregunta ""Oye está Felipe"" ""No estoy triste pe""";
Hoy no hay memes banda…. Ando triste;
Porqué estados unidos es malo en el ajedrez? Porque le faltan dos torres;
When te pica un huevo Maldito huevo;
Por qué reino unido no puede jugar ajedrez? Porque perdieron a la reina;
Mi bisabuela fue inmigrante de Rusia, como no tenía mucho puso un puesto de paja para ganado el cual tuvo éxito. Por eso le conocían como la reina de la paja rusa.;
Que le dice un molusco a otro molusco? Como-luzco?;
Que tienen en comun una pizza quemada y una embarazada? Que alguien no la saco a tiempo.;
Querido terricola: soy un extraterrestre de una galaxia muy lejana donde podemos adoptar cualquier forma, en estos momentos me he convertido en este mensaje y a través de tus pupilas, te estoy metiendo un dedo en el culo, se que te está gustando porque est-as sonriendo, Porfis enviame a otras personas porque en verdad ando buscando más culos. Y deja de reírte que se van a dar cuenta.;
PAPA PAPA deja de tirarme guacamole por la cabeza CALLATE NACHO;
Viene la policía y mata a una persona. Quién es el malo??? El chiste;
Bebe repeat after me: Podemos no podemos;
El niño de la calle hipnotizandome para que lo atropelle mientras busca su pelota;
No se usa más papel Emma, *se usa el Ipad para limpiar el papel higiénico*;
Si el temach estuviera lavando y ve que empieza a llover: noooo mi ropa;
Así que eres jugador de Brawl Stars: Aver dime 7 mejores formas de chupar pitos;
Un sordo gana una subasta y dice: GANE pero a que costo;
Un padre religioso crea un juego sobre castores: un random diciendo que parecen animatrónicos;
¿Qué está al final de todo? La letra o;
Que le dice un gusano a otro? Voy a dar una vuelta a la manzana;
Correee que vienen;
Sabes cómo conquistar a una buena judía? Estás que arde-;
Piso una tumba del cementerio, el fan de madness combat: Mi pueblo no se toca;
Sabes por qué un comediante fue al gym? Para hacer chistes fuertes;
Van dos y se cae el del medio;
Comida culera, pizzas culeras, la que atiende tiene mala cara, se tardan de a montón, pero las películas están bien chidas;
Que tienen en común pizza tower a un avión En que los dos tienen que destruir a una torre;
Qué haces después de abusar a un mudo, le cortas las manos para que no se lo diga nadie;
Saben cuál es el colmo de un agricultor? Tener a un hijo en estado vegetal;
como llama un vaquero a su hija? HIIIIIIJAAAAAAAAAA;
en qué se diferencian un cuadro de Jesucristo y Jesucristo? Que al cuadro se le puede colgar de un solo clavo;
Qué es rojo y malo para los dientes? Un ladrillo;
Hay dos paquetes de Cheetos, uno le dice al otro Tío vamos a meternos en un camión de cheetos que hay ahí parado, el otro le dice no macho es mala idea, y le responde que no tu tranquilo se meten, y una vez ahí se comen al que dió la idea de ir, y el otro dice paquete-metes macho;
"Una pareja de casados estan hablando el hombre dijo: ""Quisiera tener otros dos niños con nosotros."" Ella dice: ¿Esos 2 que están ahi, que son? El dice: Eso son para el almuerzo y los otros 2 lo queria para la cena.";
Que tiene 50 piernas pero no camina? 25 discapacitados;
Ohana significa metanfetamina;
¿Qué tienen en común una piscina y el Titanic? Que ambos tardaron en llenarse;
Como se llama el sotano de Iron Man? Iron know;
Yo abono una planta La planta: me han abonado Yo después de ver que la planta habló: qué La planta: so;
"Llega un judío a la pizzería y pide dos familiares Y el vendedor le dice ""Están en el horno joven""";
Qué le tienes que dar a una persona para que pinte un cuarto en un segundo? Una granada;
"Un hombre frotó la lámpara y un genio salió de ella ""Te concederé tres deseos"" dijo el genio ""Mi primer deseo es que todas las palabras empiecen con fh"" ""Fheseo fhoncedido"" ""Fhi fhegundo fheseo fhes fhe fhodas fhas fhalabras fherminen fhor pshk"" ""Fheseophsk fhoncedidopshk""";
Cuáles son las 5 partes blancas de un negro? Los pies, las manos, los dientes y el dueño;
-Sabes que le regalaron a una niña sin brazos -no se aún no lo abre;
A tu madre le disen bisagra oxidada por que la abres y se pone a chillar;
Paso uno un poco funable y conocido pero que hizo reír a meta ai. Ahí va: A) Sabes porque la reina es la mejor pieza del ajedrez? B) No, porque es así? A) porque el tablero de ajedrez se parece al piso de la cocina B) jajajaja, entiendo, ya que pueden barrer las otras piezas;
Había un pollito que respiraba por el culo se sentó y se murió;
Iba a contar un chiste sobre huesos… pero ne;
Sabes por qué la Torre de Pisa está inclinada? Porque tuvo mejores reflejos que las Torres Gemelas.;
cual es la parte mas dura de un vegetal? la silla de ruedas;
Argentina y México se llevan bien, Argentina y México: saltamuros, narizones;
Lo que me imagino cuando alguien dice que estudia arquitectura de software: Una casa de CPU;
Qué le dice un huerfano a otro? Rápido Robin, subete al batimóvil;
Como haría tilin si fuera una campana? Tilin tilin;
cual es la planta que asusta? el bam buuuu;
-Como es un exorcismo a la inversa? -Cuando el diablo le pide al cura que salga dentro del niño.;
Como le gusta lá leche a un esqueleto? TIBIA;
wen la boca de tu amigo sabe a la brga de tu novia: deagraciado ;
¿Como se llama el campeón de buceo en Japón?: Tokofondo Y ¿el sub campeón?: Kasitoko;
Ah pero preguntenle la tabla del 7;
¿En que se parecen los géneros a las torres gemelas? En que antes eran dos, pero ahora es un tema delicado;
Los del fondo se tocan;
"Había un hombre que entró a una tienda de antigüedadea y pregunta ""que hay de nuevo?"" Si no funcionó ahí va este Había un perro llamado 'pa dentro' Un día su dueño le dijo ""Pa fuera pa dentro"" El perro le entró confusión y explotó Fin";
Cariñosas y mécanicos se apretan las manos por cobrar caro por una mamada;
¿Sabes en qué se parece Jesús a mi papá? Que ambos prometieron volver y nunca lo hicieron.;
Cuando no ganaste ninguna medalla de Tiro porque los mejores tiradores están presos.;
Habían tres personas calvas en un barco el barco se empezó a undir y los tres murieron por cancer;
Cual es el colmo de un jardinero? Que le dejen plantado;
Había una vez, pero ya no hay;
Muestra la foto de un zombie: Bolivia;
Un loco llamado Antonio pidio una estufa por 150 dolares Llego el repartidor y le pidio 250 dolares Antonio dijo: Pero eso es una estafa El repartidor dijo: No, una estufa Chiste penca sacado de la basura xd;
Había tres tartamudos en una moto El del medio: Ja Ja Ja Ja El que maneja: De de que t-te ríes El del medio: Ja Ja Ja Jaime, se cayó ha ha hace tr-tr-tres cuadras;
When estas vendiendo Deadpool 3: Mi PAPI reaction;
Le pongo +4 a mi compa Mi compa iraní con un c4 en la raja;
A ver si esto es de tu talla: incendia todo;
Sabéis a que se debe la oscuridad en el fondo del mar? Porque allí acaban todos los negros que no saben nadar.;
Cuando se me cayó mi primer diente, se me cayeron 3 a la vez, la que conducía era mi madre.;
¿En qué se parecen Miguel Ángel y Kurt Cobain? En que los dos usaros sus cerebros para pintar el techo.;
Quiero morir tranquilamente mientras duermo, como mi abuelo. No gritando, como los pasajeros de su autobús.;
Un niño de la calle se acerca a un coche que está parado en el semaforo y le dice al conductor! -Señor me regala para un vaso de leche y una rebanada de pastel? El conductor le responde pero niño siempre me piden una moneda o para un taco! Tu xq quieres para pastel y leche;
"Llega la mamá del Capi Pérez al doctor y pregunta: ""¿Doctor, ya me sacaron el tumor que tenía?"", A lo que el Doctor responde: ""Felicidades señora, no era un tumor, estaba embarazada y fué niño"".";
¿Por qué se suicidó Hitler? Porque le llegó la factura del gas.;
¿Cuantas mujeres se necesitan para empezar una marcha? Todas menos una;
P: ¿Qué pasa cuando un niño del Teletón fallece? R: Toman lo que le quedó bueno para refacciones.;
Todo eran risas hasta que descubrieron que el tartamudo quería jamón.;
-Mamá, mamá!!! Mi hermanito se hizo caca. -Pues límpialo!!! -No mamá, se cayó de la azotea.;
"Mi novia, hablando de astronomía, me preguntó cómo mueren las estrellas. ""Normalmente por sobredosis"", le dije...";
¿Cuál es el suavizante de telas favorito de los del Teletón?. Downy;
Había una vez un pollito que se llamaba resistol, un día se callo y un chaka lo inhalo jijija desu nyan;
- Como son las pruebas de embarazo en el África? Meten un bolillo a la mujer y depende si sale mordido o no!! - Como metes 50 judíos en un bocho? Para eso traen cenicero!!;
Nunca lo van a sacar a caminar y el perro lo sabe, porque son dos gordos;
Por qué se cayó la niña del columpio?... ... Porque no tenía manos Y por qué no se levanto?...;
Profesor: Cuál fue el objeto más vendido durante los 1800?, un negro levanta la mano, el profesor responde Correcto;
Mamá, mamá ¿el abuelo es mecánico? No hijo, el abuelo no es mecánico ¿Entonces qué hace debajo del autobus?;
En que se parecen los aguacates, a los niños sin hogar de la calle???? En que los dos maduran envueltos en periodico;
Un maestro en la primaria llevo un platano y un preservativo para enseñarnos como se debe poner un condon. Saco el preservativo, y luego se empezó a comer el platano, porque dijo que con hambre nomas no se le paraba;
En qué se parece un cura y un juguete fisher price? Que ambos terminan en la boca de un bebé.;
Un niño llega con su mamá y le dice: Mamá ya se que voy a ser cuando sea grande! Y la mamá dice:tu no vas a ser nada por qué tienes cáncer!;
Ese humor come en KFC y rapea como NWA;
En un avión el piloto anuncia que el avión se va a estrellar y no queda ninguna esperanza de salvarse. Entonces una pasajera grita,¿Hay alguien aquí lo suficientemente hombre que me haga sentir mujer por última ves?”Entonces un hombre se quita la camisa y le dice ten plancha esto;
Nunca entendí por qué en Pokémon los tipo insecto eran efectivos contra los tipo oscuro... Luego vi todos los africanos que mueren por piquetes de mosquito y tuvo sentido.;
Qué hacen 2 huérfanos en domino’s? Están pidiendo 2 familiares!;
"Cuál es la diferencia entre una pizza y un judío? La pizza no llora cuando la metes al horno ;)";
Mi capi ya lo está esperando...¿saben que país tiene a los mejores estudiantes? Estados Unidos...porque se matan estudiando.;
Yo no tengo nada en contra de los negros, es más, si pudiera compraría uno;
En qué se parecen la vida y los pies?? Ninguno le dura a un diabético;
- Cómo reúnes a todos los niños del Teletón en el Zócalo? - Con un imán gigante.;
Que hace un leproso recargado en la pared ? Tirando rostro;
Los chistes de humor negro son como los niños de los antivacunas, nunca se hacen viejos.;
En que se parece una capilla abandonada a un niño con cáncer?? Que los dos no tienen cura...;
Dos compadres en un bar: - Que le vas a regalar a tu novia de San Valentin? - Un collar. - Que bonito, yo aun la llevo suelta.;
-A donde va un niño iraní que encuentra una bomba?? - a todas partes 😏;
¿Qué da más risa que un bebé muerto? -Un bebé muerto vestido de payaso.;
¿Qué es lo que un zombi no se come de un vegetal? La silla de ruedas 🤷🏾‍♂️😅🥇;
"Y como dijo Jenny Rivera: ""Te daría like pero no encuentro mi dedo""";
¿Que hacen 150 epilépticos en un antro? La fiesta de espuma.;
"Niño:""Mamá ¿Me puedo comer una galleta?"" Mamá:""Primero lávate las manos mi vida"" Niño:""Pero mami yo no tengo manos🥺"" Mamá:""No hay galletitas 🥸""";
Cómo puedes meter 1000 judíos en un vocho??? En el cenicero;
¿Cómo te reconoceré? Mido 1,60 y peso 58 kgs. ¿Y yo a ti? Llevo una cinta métrica y una báscula;
"Pasaron los Reyes magos por África y le preguntan a los niños ¿Ya comieron?. le responden los negritos ""NOO"" -Entonces no hay regalos!!";
Que pide de deseo un niño ucraniano cuando ve una estrella fugaz??? Que sea una estrella fugaz.;
"""Wey, te cambio uno de 10 por dos de 5. Andale"" -2 curas, negociando.";
Que hace un niño del Teletón después de un terremoto? R= Buscando Brazos y piernas de su talla.;
En una camioneta viaja: un Mexicano, un Boliviano y un Cubano, ¿Quién maneja la camioneta? El oficial de migración de USA 🤣🤣🤣🤣🤣;
Si un niño va caminando y se cae sólo, es porque a alguien más se le antojó;
"Una vez en una videollamada con mi BFF (andando cada una en la peda), señalé una alberca a mis espaldas y le dije ""hoy quiero acabar bien Devani!"", luego hubo un ""noooo te pases"" entre risas, y luego unas carcajadas. (Todos sabemos a quién nos referimos).";
Yo no soy homofobico, porque la fobia es miedo y el miedo es de putos😅😅;
Sabes a que huele un vestidor después de los juegos olímpicos? A sudor y desodorante Ahora, sabes a que huele un vestidor después de los juegos paralímpicos? Exacto a castrol y clutch;
-“Mamá en la escuela me apodaron simba” -“por qué hijo?” - “Porque mi tío mató a mi papá”;
José viendo como María le fue infiel con el espiritu santo;
No es por defender al policía qué m4to a George Floyd ahorcandolo, pero seamos sinceros, era imposible darse cuenta que se estaba poniendo morado. 👀;
Había una familia tan pobre pero tan pobre, que cuando a la mamá le bajaba, todos cenaban moronga 🥁;
Empleado- Jefe no puedo ir a trabajar, estoy enfermo. Jefe. Enfermo? Que está haciendo o qué? Empleado - Me estoy cogiendo a mi hermana. Jefe. Oiga! Eso está muy mal!! Empleado - Le estoy diciendo que estoy enfermo. 🫡;
"Desde la ""tragedia de Los Andes"" las aerolíneas en lugar de ofrecerte el menú te dan la lista de pasajeros...";
Adónde van las lesbianas cuando mueren? Al infierno. Por qué? Porque al diablo le encanta el olor a torta frita.;
-de quien está boquita? Y ésta naricita? Y ésta piernita? -no se, está morgue es un quilombo;
Una villera tiene 4 pibes, les pone Brian, Brian, Brian y Brian. Cómo los distingue? Los llama por el apellido;
Por qué existen homófobos en pleno Siglo XXI? Porque pueden reproducirse;
- Hola, ¿con la AMIA? - Si - ¿Está Sharon?;
Que hace un leproso tocando la guitarra? Carne picada;
Que son 10 negros en una pared? Un código de barras;
Que hacen 10 cuadriplejicos tirándose de un piso 20? Juegan al tetris;
Una adivinanza: Que es blanco y finito cuando está seco, y se hincha y se pone morado cuando se lo moja? Si, Maldonado.;
El tipo esperando en el pasillo el nacimiento de su bebé. Sale el médico con el bebé y le dá los clásicos golpecitos para que llore, y le dá y le dá. El padre se levanta para ir a cagarlo a trompadas. - Tranquiiii amigo, nació muerto!;
En que se diferencia una paloma de un nene sirio? La paloma vuela entera;
- Papá, papá, qué es el humor negro? - Bueno, ves ese nene que va caminando por la vereda de enfrente? - Pero papá, si soy ciego! - Bueno, eso.;
¿Que es mejor que ganar los paralímpicos? Caminar;
en qué se diferencia un boy scout y un judio? en qué el boy scout si vuelve del campo;
Cual es el organo que se mantiene caliente dentro de una mujer recien fallecida? Mi chota;
Que tiene en comun una iglesia abandonada y un huérfano? Ninguno tiene papa. ;
-Papá, papá ¿qué es un degenerado? -Callate y segui chupando;
Sabías que una mujer inventó el wifi? Por eso hay que pegarle al router para que ande.;
En q se parece la apendicitis y un cura? Q no sabes cuabdo.... Perp en cualquier momento te toca;
Cómo matas 500 moscas de un solo golpe? Le pateas la cabeza a un nene somali muerto;
Que es negro, flaco y funciona con golpes en la cabeza? Es clavo;
Como saben en USA que está por empezar el año escolar? Están en oferta los chalecos de Kevlar.;
Va un hombre con una nenita al monte, en cierto punto la nenita le dice, me da miedo el monte y el tipo le contesta imagínate a mi que tengo que volver solo;
Que camina a la mañana Anda en dos ruedas a la tarde Y no camina a la noche? Exacto, el Noba;
¿Cual es el colmo de un paciente terminal? Tener metastasis y ser de cancer;
Que es rojo, chiquito y se disuelve en la boca? El clítoris de una leprosa ;
Que es rosado y redondo y cada vez se pone más chiquito y color rojo? Un bebé peinándose con un pelapapas.;
Una esposa dice: Mi marido no me ha puesto la mano encima nunca, el esposo está sin brazos;
Cosas que pasan dijo el aduanero;
Vamos a organizarnos dijo el que estaba en una orgía;
esta vez no me cagan, dijo el que volvía con la ex;
A pelarse dijo el loco y se tiró de la moto;
No se si voy o vengo dijo el que se estaba hamacando;
yo no soy muy bueno haciendo esto dijo el cirujano;
No hay vuelta que darle dijo el que dormia en un muro;
Hay para rato dijo el que comia pasto;
Vamos por partes dijo Jack;
Que se pudra todo dijo el que desenchufo el freezer;
- Y como andamos? - Y 10 puntos dijo el que ligó un machetazo;
Que nivel, dijo el albañil;
Vamos a ver que sale, dijo el que se estaba cogiendo a la prima;
m voy a la verga dijo el forro;
Asi quedamos dijo el virolo;
-Un chiste verde y rápido Un brócoli en moto;
En la lucha dijo el japonés que se estaba bañando;
"""Todo fríamente calculado "" dijo el necrofilico";
Son cosas que pasan dijo la vieja con un palo en el orto;
No puedo estudiar derecho dijo el jorobado;
Me voy yendo dijo el que tenía cáncer;
que se pudra todo dijo el carnicero y se fue de viaje;
por las dudas dijo el que llevaba forros a la casa de la prima;
Mala mía dijo el maluma;
Hay para rato dijo el loco y estaba comiendo arena;
Negocio redondo dijo el que vendía pelotas;
nunca t voyba dejar a pata dijo michetti;
Tá frio dijo el que tenía el huevo afuera;
— Hoda buapa ta tu madido en casa? — No. — Pod adómate a ved di soy yo.;
Era una mujer tan chiquita, tan chiquita que en lugar de dar a luz, daba chispitas.;
Anoche me caí de la cama. Menos mal que me desperté, sino está mañana me habría pisado al levantarme.;
—Está usted detenido. —Mire agente, ahora me estoy moviendo. —Qué listo es el jodío...;
–Camarero. Una tostada sin nada. –Marchando una tostada con mermada de melocotón.;
"- Hola, de qué sabores tiene los helados? - Hay un cartel en la puerta donde lo pone. - Pues deme uno de ""cerramos los lunes""";
-mamá mamá, ¿el váter da vueltas? -no hijo. -pues me cagao en la lavadora.;
Va un niño a la tienda del pueblo y le dice al dependiente - Ha dicho mi madre que me de una barra de pan... y si tiene huevos una docena Y SALIÓ CON UNA DOCENA DE BARRAS;
En un banquete... Se levanta el padrino mu mosqueado - A VER, LOS INVITADOS DE LA NOVIA A LA DERECHA... LO INVITADOS DEL NOVIO A LA IZQUIERDA Se colocan todos en su sitio - A VER, LOS DE LA DERECHA Y LOS DE LA IZQUIERDA.... A LA PUTA CALLE.... ESTO ES UNA COMUNIÓN;
Años 50. La Guardia Civil sorprende a unos gitanos robando melos - ALTO, ¿QUIEN VIVE? - UZTEDEE, QUE TIENEN ECONOMATO (si sabéis lo que es un economato ya os han puesto la cuarta dosis de vacuna);
-¿Qué se ve desde la torre más alta de Toronto? -Torontontero.;
¿A qué hora sale el rápido? Ya.;
Había un hombre que tenía un gato llamado Tido. Siempre que llegaba a casa, Tido, el gato, estaba metido en su cesto. Un día como otro cualquiera, el hombre llegó a casa y Tido no se encontraba en el cesto. Como se llama la peli? El cesto sin tido;
Van dos globos por el desierto y le dice uno a otro - ¡¡¡¡¡cuidado con el cactussssssssss!!!!;
- Me sé un chiste de informáticos - ¡Pues yo MS-DOS!;
Mamá, mamá ¿las aceitunas negras tienen patas? No, hijo, no. Pues me he comido una cucaracha. 🤮Cuidado con este, que con tiempo, dejará de ser un chiste. 😜;
En el confinamiento: -Nene, si cierran los supermercados habrá que ir a cazar…tú sabes dónde viven las croquetas?;
—Íbamos en el todoterreno y a mi mujer le dio un espasmo muscular de esos del parto. —¿Contracción? —A las cuatro ruedas.;
- Hijo, te quedó muy bonito el tatuaje de Satanás del brazo. - ¡Mamaaaaaa, es mi novia! - Ahhhh.;
Un gitano que va con una furgoneta destartalada le para la guardia civil... ¡Documentación por favor!!! Ahi pallo. Ayer me la quitáis, hoy me la pedís... Al final me la vais a perdelllllll jajajajajajaja.....;
- Tengo todo el cuerpo cubierto de pelo. Doctor, ¿qué padezco? - Padece uzté ud ozito.;
Buenos días, me pone dos pescados de esos? De rape? Hiiiiiiiii... Me pone dos pescados de esos?;
Muy buenas! Están buenas esas magdalenas? - muy buenas! Muy buenas que si están buenas esas madalenas? - muy buenas...;
Camarero me pone un café, me cago en dios! -solo? Y en la virgen puta.;
¿Sabéis que es un cazo? Un suzezo;
Cuando yo voy, tú… no sé tú, pero yo… ¡Qué lío! Ya no sé si eres tú o soy yo, pero aquí estamos. ;
Chiste no apto para animalistas ni vegano. Papá papa, el gato está malo. Niño, calla y come.;
- Le he puesto a mi hijo gafas. - Pues que nombre más raro;
Uno que va a la consulta de un adivino, llama a la puerta: - Toc, Toc. - ¿Quien es? - pues vaya mierda de adivino.;
- No mires así al vecino que podría ser tu padre!. - Es que está muy bueno mamá. - No me has entendido.;
- Ayer me dieron por detrás en el coche. - Hay mucho loco en la carretera. - No me has entendido.;
Tienes hora? -Si;
- ¿Qué hora es? -Las 10,45 -!!Coño qué tarde!! -!!Pues haber preguntado antes!!;
-María, bajas a tomar un café? -No puedo...estoy en cama con amígdalas. -Jo, tía! Qué suerte tienes que siempre ligas con los griegos.;
Por qué Arnold Schwarzenegger quiere ser rodilla? Porque Sylvester Stallone.;
- Mamá, mamá, en el cole me llaman bola de pelo. - Cariñoo, el perro está hablando!!;
"Un niño de unos ocho años en un pueblo va caminando llevando a una vaca, se encuentra a un vecino que le pregunta; -Pedrito, a donde vas con la vaca? -A llevarla a que la monte el toro, don Vicente. - y eso no lo puede hacer tú padre? -No, tiene que ser el toro";
_ ¿Cómo estornuda un tómate? _ ¡¡¡¡Kétchupppp!!!!;
Dos amigas que se encuentran tras mucho tiempo - Que bonitos los trillizos que has tenido - No son trillizos, es que es un niño muy nervioso;
Qué le dice una Braga a otra? - Qué coño nos ponemos hoy?;
[En la piscina]. — ¿Usted no nada nada? — Es que no traje traje.;
— ¿Qué te ha dicho el juez? — Que 30.000 euros o a la cárcel. — No seas tonto, coge el dinero.;
+Mohamed, quieres comer algo? -Es Halal ? +Mohamed, quieres jalal algo?;
- ¿Qué tal las notas, hija? + Pues unas más y otras menos, Papá. - ¿Eh? + ¿Eh?;
- Mira, por ahí viene Julián. Hazte la tonta. - ¡Adioó Juudián!;
-Tienen consoladores? -Si,en aquella pared los tiene -Deme el rojo grande ese - Señora,eso es el extintor;
- Mi gato ha matado a tu perro - Pero si es un rotweiller - Ya... y mi gato, hidráulico.;
-Como me toque la lotería me voy a comprar un millón de palomas -Mensajeras? -No te exagero nada;
Ser piloto, no apagar la megafonía y decir: -En serio que con mi “wonderbox” puedo pilotar el avión yo solo?;
- ¿Y tu mujer grita mucho mientras hace el amor? - Buff, ya te digo, la escucho desde el bar…;
A falta de un chistecito, pues dos... y los dos de doctores, eh! - Doctor, doctor... ¡oscúlteme! - ¡Rápido, debajo de la mesa! - Doctor, que me quemé - ¿Que te que té?;
- Paco, he engordado? - cari, diga lo que te diga... Prometes no enfadarte? - si, lo prometo. - me he tirado a tu hermana;
Esto di que va un barco a un muelle ¡y rebota!;
- ¡Soldado López! - ¡Sí, mi capitán! - No lo vi ayer en la prueba de camuflaje. - ¡Gracias, mi capitán!;
—Hola, guapa ¿Cómo te llamas? —Jara —¡Hala, qué bonito y exótico! ¿No? —¡Jí!;
- Esto es un atraco!! Deme la cartera o la degollo! + La de Goyo por favor, la de Goyo!!;
Me he comprado un vehículo con 7 plazas y para mi sorpresa estaba lleno de marroquíes. Era un morovolumen.;
Subid la velas!!! Y los de abajo se quedaron a oscuras.;
¿Cómo le gustan a Bunbury las tapas? A la plaaaaanchaaaa...;
Entra un gangoso a una tienda de deportes… -Me da uda zadpadtilla de depodted? +Puma? -Vendga ece cigadito!!!!;
"2 tomates en una nevera y dice uno ""hola"" y contesta el otro "" coño un tomate que habla"".";
Doctor quiero una vaginoplastia. - Pues vamos a empezar por detrás de las orejas que esto tiene difícil arreglo.;
- ¿Y quién es el novio que dices que tienes? - ¿Te acuerdas del abogado ese que tiene un puestazo? ¿El de la moto de 1200? - ¿Ese? - No, el que se la robó.;
Van dos y se cae el del medio... Y si ya estaba hecho los míos son otros y mas guapos, so peinaovejas...;
No te masturbes y Turbes no temió;
-¡Papá, papá! ¿qué está más lejos, la luna o Cuenca? -Pero tontolaba, ¿es que tú ves Cuenca desde aquí?;
-Doctor doctor,me puedo bañar con diarrea??? -Si llena la bañera....;
-Doctora tengo complejo de feo. -De complejo nada!;
- Su enfermedad no me gusta nada. - Pues lo siento doctor, no tengo otra.;
Un niño cubano le dice a su padre - Papá, ¿Miami está muy lejos? - Calla y sigue nadando;
Me reitero en este: Un hombre muy gordo entra en la consulta del médico y le dice: - Doctor, soy estéril. - Pues pareces Obélix.;
-¡¡¡CAPITÁN, QUE NOS HUNDIMOS!!! -Otra vez. QUE ESTO ES UN SUBMARINO, COJONES.;
Prueba de habilidad: ¿Como meterías 4 elefantes en un 600? (para los milenials, un 600 en un coche muy pequeño). 🤔🤔🤔🤔🤔🤔🤔🤔🤔🤔- 2 delante y 2 detrás.;
Mamá, los pedos pesan? No. Pues me he cagado.;
*EL MÍTICO* - Mamá. Me das una galleta? - Cógela tú!!. - Es que no tengo brazos. - AAHHH. No hay brazos, no hay galletas!!;
MAMÁÁÁÁ, ¿POR QUÉÉÉ PAPÁÁÁ MATÓÓÓ AAAALLL PREGONEROOOOOOO? Malísimo…;
Buena idea ! Gracias! Ahí va: - Hola! Soy conejito. Y tú? - Yo Tigrito! - No mi grites!!;
Camarero aliñeme la ensalada! -con el 1 el tomate, con el 2 la lechuga...;
-MAMÁ, MAMÁ, las lentejas se están pegando!!! - Hijo, déjalas que se maten.;
Era un hombre tan alto que se comía un yogurt y le llegaba caducado al estómago, jajaja 😂;
¡Vamos a coger una botella de whisky y no la vamos a chupar! Eso, eso, y después nos bebemos el whisky.;
- Gemelas? - Hija única, bizco;
- ¿Me da un xzjmmmppsstt de pipas? - ¿Un paquete de qué?;
Uno de Eugenio - Jordi, me enterado que has tenido un hijo. - Así es. - Enhorabuena. ¿ Como le habéis llamado ? - Elengendro. - ¿ELENGRENDROOO?.... Será Alejandro - Tú no has visto al nen.;
Que quiere decir purcua?. Porque. No, por nada, por saberlo;
- ¿Cómo se escribe nariz en inglés? + Nose. - Pues yo tampoco.;
- Mamá, el abuelo está malo - Pues apártalo y cómete las patatas;
Van dos monjas en una moto y se cae la de el medio;
Mamá , mamá. ,en el colegio me llaman todos el despistado , anda Daniel y vete para tu casa 😂😂.;
Esto es un hombre que entra a un bar de pinchos y empieza a decir ai au ai au ai;
- Doctor vengo a que me reconozca - Pues ahora mismo no caigo;
Un policía se encuentra con 2 tíos que llevan metidos un palo en el culo cada uno. El agente les dice: - ¿Pero es que son ustedes dementes? Contesta uno: - Yo sí, agente. Pero mi compañero es de frese;
En el jurado de los récords Güines: -he hecho un puzzle en 3 años - y eso que tiene de récord - en la caja pone de 4 a 6 años;
- Hombre Manolo, como has cambiao! - Es que no soy Manolo, desgraciao!;
Me sé un chiste muy rápido, pero no lo cogerías.;
de mi hijo. ¿Qué le dice una morsa a otra? ¿Almorsamos?;
En una pescadería una señora mayor: -Oiga, tiene agallas? - Claro señora. - Pues cómame el coño!😅😅;
+ Nivel de inglés? - Alto. + A ver, traduzca Never. - Nunca. + Pues con esa actitud no le va a contratar nadie...;
Que le dice un chupachup a una piruleta ? - pero qué ta pasaaaao 😱???????;
Un barco que llega a un muelle y rebota.;
- Doctor que me quemé. - Que te que te?;
Mamá! Pan! -y la mató.;
Va un caracol y... derrapa.;
Solo existen 10 tipos de personas: Los que entienden binario y los que no. 😅;
¿Sabes que si lavas una pantera con jabón es puma?;
Era una mujer tan pequeña, tan pequeña.... Que cuando murió en vez de subir al cielo, subió al techo;
Mamá tira la primitiva! -abuela a la puta calle!;
Por qué no puedes meter un huevo en el microondas? Porque te pilla el otro con la puerta;
Toc, toc. -¿quien es? -soy yo Abrió la puerta y efectivamente era él;
- Han robado en el apartamento contiguo. - ¿Conmiguo?;
- Oye, tío. Me han dicho que estás con una señora de 40 y pico de años. ¿Estás loco? Podría ser tu madre! - Sí, pero es la tuya.;
- Mira mamá, sin manos . - Mida mamá, zin dientez;
Tienen bocadillos? -Depende... -Pues póngame uno con mucho pende!;
-¿Hace mucho que espera? - Yo nunca fui pera.;
Diferencia entre un tren y una pera? Que el tren no espera.;
Entrando a la farmacia: -Buenos días, ¿hay ampollas? -Buenos días, míster Pollas.;
*Niños, comeros el bocadillo de tortilla* Y Tortilla se quedó sin bocadillo.;
"Con que esas tenemos? ""No jugueis con fuego... Y Fuego se quedo sin amigos"" ""Tiraos a la piscina... Y la piscina acabo preñada..."" ""Doblad la esquina, y la esquina murio tronzada""";
Dos zombies saliendo del cementerio, uno de ellos con la lápida bajo el brazo: -¿Dónde vas con eso? -Es que no me gusta salir sin papeles.;
Que es amarillo y atraviesa las paredes? Un limón fantasma 🙃;
Él preferido de mi hijo2 cuando tenía 4 años: -què le dice una mariposa a otra?. Tu hijo es un capullo;
- Doctor me duele aquí - Pues pongase allí;
Negro, guarda con el precipicio! Que precipiiiiiiiii!!!!!;
-¿Sabes quién es el padre del príncipe azul? -¿Quién? -El Blu-Ray;
-me van a meter en la cárcel con esto de fabricar baterías -y eso? -porque son delitio;
Van dos tomates por el desierto y uno le dice a otro..cuidado con el cactusshhhhs! Y le contesta el otro. Que diceshhhhshhhh!!;
Consulta del otorrino: + buenos días hay que coger número? _ No, van nombrando + Que gran actor, me encantan sus películas.;
- Eres tonto y lo sabes - Ya - Tú que vas a saber si eres tonto;
-Como se queda un mago después de comer? -Magordito;
Estaba un indio en la reserva y... se quedó sin gasolina. Yo también desaparezco.;
-Mamá, tienes que prestarme 100€. -Hijo, primero tendrás que hacer un esfuerzo... -Hiiiiggg Ammmmfffff Vaaale, ufff casi me cago! Me prestas ya los 100€?;
-Papá, cuando te mueras, donarás tus ojos al banco d ojos? -Claaaaro! Y los huevos al flan Dhul!;
- Papá, no crees que deberíamos darle un entierro más digno al perro. - Niño, calla y tira de la cadena.;
Me estoy aprendiendo el listin de teléfonos De memoria? Que va, razonandolo;
Mamá, el abuelo se ha quedado dormido encima de la asistenta. No, ya se despierta que veo que mueve el culo.;
Joder a ver los ofendiditos aquí ... Cariño,como te va por Inglaterra? De puta , Madre Ay cuanto me alegro que te vaya bien No Madre ,no me has entendido;
Papá te puedo hacer una pregunta? Dice claro hijo dime Hace 3 meses papá ,te robaron la tarjeta del Corte inglés,y aún no lo has denunciao ... Dice es q e descubierto q el ladrón gasta menos q tu madre;
-Cariño, para las bodas de plata te voy a llevar a Japón. -Y para las de oro? -Te voy a buscar.;
Una iglesia que estaba tan lejos, tan lejos, tan lejos que no iba ni Dios!;
Un catalán que pide una copa de vino y ve que dentro hay un mosquito. Lo coge de una ala y le dice: - Escupe todo lo que te has bebido! ESCUPE TODO LO QUE TE HAS BEBIDO!!;
- ¿Le corto la pizza en cuatro o en ocho porciones? - Mejor en cuatro, porque ocho no creo que me pueda comer.;
Dos ceros paseando ven un ocho y le dice el uno al otro. - Mira ese chulo con cinto.;
–Nivel de francés –Alto –Demuéstrelo –Liberté, égalité y aserejé –Eh? –De jé;
-Mamá, me voy de caza. -Te llevas la escopeta? -No no, que me voy pa ziempre.;
—¿Me podría poner las sobras para el perro, por favor? — ¡Bieeeen, Papá va a comprar un peeerrrooo!;
- Buen día, estoy buscando una carpa, la más grande que tenga - Tenemos esta, caben 10 personas sin problemas - Y dónde consigo 10 personas sin problemas?;
Un nene vuelve del almacén. La mamá le pregunta: - Hijo, llueve en la calle? Y el nene responde: - No sé mamá, yo viene por la vereda.;
Un vampiro con la boca ensangrentada le pregunta a otro: – ¿Dónde encontraste esa sangre tan apetecible? – ¿Ves ese muro de hormigón que está ahí? – ¡¡Sí!! – ¡Qué bien! Bueno, yo no lo vi...;
Entra el nene el baño mientras se bañana el padre. El padre rapido se tapa la chota. El nene le dice - que tenes ahi papa??? - ehhhh un pajarito!!! - ahhhh hijo de putas! Te lo estas culeando!!!;
Entra el tipo a la farmacia.. - buenas...me da una caja de preservativos - con confianza flaco podes decirme forros.. - bueno... che forro me das una caja de preservativos. No empujen manga de putos!! Conozco la salida!!;
Estaban un arroz y un pollo. El arroz le dice: - pollito por que no me das tu pata y hacemos arroz con pollo? El pollo: - Por que mejor no me chupas la pija y hacemos arroz con leche?!;
1er acto: el flaco del 7mo baja corriendo y se olvida los vinos que tenía que llevar a un asado. 2do acto: el mismo flaco,una semana después ,apurado,se olvida los vinos de nuevo. 3er acto: el mismo flaco, otra vez se olvida los vinos. Cómo se llama la película? Bajos instintos;
Dos putos sentados con una cerveza en la mano, uno dice: Nos la chupamos? Y el otro contesta: Bueno, y despues nos tomamos la cerveza. Esta bien!!!!!!;
Este esta medio quemado, pero es el único que me acuerdo ahora: _Entran 2 pollitos a un restaurante y se sientan - La pollita dice: pio? - El pollito le dice: sí, peí nomás;
Dos negros acampando: — Negro, despertate!! — Qué pasa loko...? — Qué es lo que ví...? — El cielo, las estreias, la osa maior, la vía láctea... — Pelotudo, ¡nos chorearon la carpa...!;
-Euu les doy un consejo, cuando vayan al súper a comprar leche agarren la primera, la segunda o la cuarta. -Por??? -Porque la TERCERA es la vencida;
Entra Roberto Carabajal a la farmacia y dice: Buen día farmacéutico, deme un pote de crema. Crema para el cuti? No para el Peteco;
Una cigüeña estaba sobrevolándole con un bebé de dos años en la bolsa. De repente se le acercó otra cigüeña y le dijo “ Mabel , no seas tan orgullosa, admití que te perdiste”;
Carlos se cruza por la calle con su amigo Juan .. .cabizbajo.. - Juancito!! Como andas? - Mal che... mi señora iba a comprar asado para el mediodía y al cruzar la calle la atropelló un camión.. - uhh .. que cagada Juan.. Y ahora que vas a hacer? - No se..calculo que FIDEOS..👋;
Se encuentran 2 viejos amigos - ¿Cómo es la vida amorosa después de 20 años de casado? * Bueno, contesta, como la Coca-Cola. - intrigadisimo vuelve a preguntar ¿y Cómo es eso? * Bueno, primero fue Normal, después Light y ahora Zero;
En qué se transforma una caja si va al gimnasio? En una caja fuerte.;
Por que los diabéticos no deben vengarse? Por que la venganza es dulce...;
Yo tengo el mejor chiste de la vía láctea, pero imposible contarlo en un tuit.;
¿Como conoció a su marido? Yo era farmacéutica y me vino a pedir condones. Y le pregunte: Que tamaño? Me dijo: XXXXL... Hasta después de la boda no me di cuenta q era tartamudo...;
Va el gangoso todos los días a la puerta de la Casa Blanca y pide a la guardia - hola iero ver al esidente, iero ver al esidente Siempre lo echan sin darle respuesta hasta que un día un guardia se apiada del gangoso y dice - imposible. El Presidente está en Ohio - enojaio onmigo?;
Oye y después de tantas noches juntas viendo el amanecer, ¿qué somos? - Pues guardias de seguridad pendejo, ¿qué más vamos a ser? ;
-Mamá, mamá, en el colegio me dicen “Alfajor “. 😢😕-Ay, no les des bola a esos boludos, JORGITO...;
Un tipo tiene un gato en sus brazos ... viene otro y le pregunta araña ? Y el otro contesta no gato ....... ok igual ya me iba ...;
Maria y Telameto tuvieron un accidente ... Maria terminó herida , Y Telameto muerta !;
Maria y Teacabo se tomaron el 64... Maria se bajó en el centro ... Y Teacabo en La Boca;
Entra un cliente a la farmacia, y en voz muy alta: - Oiga, deme un forro! - ¡Señor, hay gente...cuide su lengua! - Tenés razón, dame 2.;
La esposa le pregunta a su esposo: -Te has fijado, cariño?. He comprado un nuevo cepillo para el inodoro. -Si, le responde el marido…….pero me sigue gustando más el papel!!!!! ;
Aristóteles compro una camioneta con platón.;
El cilantro es el apio del pueblo.;
El primer día que caminó, el pequeño ratoncito vió pasar un murciélago y le preguntó a su mamá: “¿Oye, es un ángel?;
Una pulga le dijo a otra pulga: ¿Será que hay vida en otros perros?;
Va un tipo por un callejón obscuro, aparece Dracula y le dice: Te doy miedo? Y el tipo le responde... No gracias, ya tengo bastante.;
Dos peces enamorados iban cogidos de la mano. Se dieron cuenta de que no tenían manos y se soltaron.;
Dos pollitos llegaron a una cafetería y uno dijo Pio y el otro dijo Pia pues.;
Una vez habían dos amigas en una esquina,una se llamaba Gloria y la otra se fue en bus esta;
Van por la calle el tenedor y el cuchillo, el último dice - mira tenedor ahí va la cuchara, llámala a ver -cuchara!! Cuchaaaraaa! - no, parece que no escuchara..;
Había una vez una empanada caminando muy cool por la 7ma y de repente pasó un bus y la atropelló 💥le saco el arroz, la arveja y la papa y el conductor se bajo preocupado a verla y le dice: “está mal, está mal?” -No, empanada. ;
Cierta vez, en el país de Alicia, descubrieron un plan para atentar contra el gran inepto, un ruso y un israelí se dejaron pillar antes de tiempo.;
Abulitaaaa...hiciste cafecito? Nooo mijo, hice verdecito pero ya me siento mejor.;
Cai en una zanja y creí que me había roto el peroné... pero no.;
Había un pollo que tenía dosalas y vendió una pa comprar el comedor;
Estaban el papá y el hijo esperando el bus en la parada y nada que pasaba... Y nada que pasaba... Y ya cansado el niño dice : será que el bus si parará papá? Él le responde: yo creo que sí pririri pipi;
Sí los zombies se deshacen con el paso del tiempo ¿zombiodegradables?;
"Iban dos negritos en un avión pasando por bucaramanga.y empieza uno a gritar ...déjeme aquí pare por favor .. se le acerca una azafata y le dice ""estamos pasando por Bucaramanga por qué quiere parar aquí.y el le dice ""este no es el aeropuerto Palonegro.";
Cómo se llama el hermano pegajoso de James Bond? Bond, Col Bond;
Dos peces ahorraron para montar emisora de radio, el día que salieron al aire, murieron.;
¿Cuál es la obra más famosa de Giuseppe Verdi? -El Happy Verdi;
Había un señor tan, tan,pero tan,tan que se convirtió en campana.;
¿Cuál fué el último animal en subir al arca de Noé? - El Delfín;
Dos tipos iban en una moto honda y el de amarillo se ahogó. Yo mismo me saco.;
Putin y Netanyaho cranearon un plan para asesinar a duqueñe.;
Había un pollito que se llamaba maíz y se comió.;
Un armadillo se cayó de un edificio y quedó desarrmadillo. ;
Profesora pregunta: Juanito ¿Cuál es el pez más bueno? _ Juanito responde: profe, no sé, pero mi papá dice que el pez on.;
"Este usa un juego de palabras y hay que leerlo bien. ""Un pollito tenía dos alitas, vendió una y se compró una cocinita""";
Cuál es el santo del hambre...San cocho;
"Que le dijo la cuchara a la gelatina , "" no tiembles cobarde""";
Llega una señora al doctor: -Doctor, doctor, tengo una sudadera 🥵🥵-Que quiere, que le compre los tenis;
Había un man se estaba afeitando y le robaron el carro.;
El niño al papa -papá me trague la aguja de el equipo de sonido, pero no me paso nada pero no me paso nada pero no me paso nada pero no me paso nada pero no me paso nada pero no me paso nada..;
¿Qué le dice una impresora a otra impresora? ¿Ese documento es tuyo o es impresión mía?;
Doctor cuánto me queda de vida? - cinco- cinco meses?- cuatro, tres, dos...;
"Un semáforo estaba dañado .y el del frente le decía ""oiga usted si no cambia no""";
Había una vez dos perros bravos y...... No se hablaban .;
Iba Caperucita por el bosque, y cayó la noche y la aplastó !;
Una empanada iba a toda mierda en una moto, cogió una curva y...se le salió el guiso...jajajajajajajaja;
Estaba en una esquina un chocoramo quitándose el chocolate por pedazos, pasa otro y le pregunta: Porque haces eso que pasa? - le dice el chocoramo: es que me invitaron a una fiesta y hay que ir de gala.;
Jajajaja genial aquí en la costa le dicen hueso 😂. Señor va a un restaurante chino se le acerca el mesero. Mesero tiene ancas de rana ? Si. Entonces pegue un salto y me trae un churrasco;
Pasa una ciempiés frente a un vecino ciempiés y él le dice: ¡Qué bonito par de piernas! ¡Qué bonito par de piernas! ¡Qué bonito par de piernas! ¡Qué bonito par de piernas! ¡Qué bonito par de piernas! ¡Qué bonito par de piernas! ¡Qué bonito par de piernas!;
Camarero! Este filete tiene muchos nervios. Normal, es la primera vez que se lo comen.;
"Dos mojoncitos van en una moto a 200 km/h - Parrillero: A cómo vamos? - Piloto: ""A toda mierrrda!""";
- Doctor creo que soy alérgica al vino. - A qué vino? - A una cita dr, concéntrese!!;
- Me diagnosticaron alopecia. - Qué calvario!! - No tiene gracia 😔- Ni un pelo, tampoco!!;
Un jardinero le dijo al otro: seamos felices mientras podamos.;
Como se llama el hermano mayor de pinocho? Pinueve;
Había una vez un chiste tan malo tan malo que le pegaba a los chistes chiquitos.;
Había una pulga tan borracha que se cayó de la perra;
Una cucaracha se comió un cheeto y tuvo cucaracheetos.;
Por qué el tamate no toma café? Porque toma te😅;
Una cereza, se cayó de un árbol, y, dejó de cer-eza.;
Hombre cualquiera:Aristóteles que te pasa?. Aristóteles: me 3.1416calculo;
Platón me convirtió en una lavadora: Inextra;
- Una señora atropello con su BMW a un indigente - La gente comenzó a gritar lo mató - La encopetada vieja dijo no lo mate yo lo mató una enfermedad venérea - Como lo sabe preguntó la jente - La vieja contestó porque cuando me acerqué lo último que dijo fue me mato esta gonorrea;
- ¿qué oyen las vacas? - muuuuuusica!;
Por qué los buzos se sumergen de espaldas? Porque si lo hacen hacia adelante caen dentro de la embarcación;
"Un gusano vio un plato de pasta y gritó; ehhh montonera!!!";
Un tomate a otro tomate pasando la calle. Cuidado con el ca. Plugs Cual ca. Plugs;
-¿Dónde queda el Banco BBVA ? -Adelante !;
"Una gallina le dice a su amiga: ""Y para qué nos ponemos minifalda"" Le responde la otra: ""Para que nos vean los gallos""";
Un man tan feo tan feo que le pregunta a la mamá: mami, ¿tú me quieres? Y la mamá le responde: Sí, pero como un amigo.;
Unas papas Margarita se ganaron la lotería y se volvieron Super Ricas.;
Una uva pasa y una pera estaban haciendo cola para entrar a una discoteca, el guardia le dice a la uva: pasa y a la otra le dice usted espera.;
En una sala de parto Médico: rápido ...tenemos que ponerle oxígeno al recién nacido.. Padre del recién nacido:.......aich...y yo que quería ponerle Roberto!!;
Llega a una tienda donde atiende un señor bastante gordo y dice : -Tienes jabón? ....... Barrigon.;
- Que le dijo una pared a otra pared? - Que? - Nos vemos en la esquina.;
Había un hombre que vivía en Cali y le decían: Kalimán!;
Una viejita escucha un ruido en su casa. Enciende la luz y cuando abre la puerta ve a un hombre encapuchado y exclama: Un ladrón! Y el ladrón grita: Una viejita!!!;
Mamita, si las uvas son negras ¿Por qué estás están rojas? Mijito porque están verdes.;
"Mi esposa decía que estaba bueno mientras me colocaba un boxer, y me sentí muy bien porque hace mucho no me lo decía, pero la verdad fue que se refería a que ""Estaba bueno... que cambiara de boxer de vez en cuando"" Allí me sentí un chiste estúpido. Gracias";
Una nube entra a una peluquería y dice: - por favor me hacen rayitos!;
Saben porqué los magos no pueden tener hijos? R/ Porque tienen las bolas de cristal. Jajajaj;
"Iba un señor en un carro y le gritan ""señor lleva arrastrando una lata"" y el man responde "" no le escucho porque llevo arrastrando una lata""";
El tipo llega a la tienda y le pregunta a la muchacha que atiende.Tiene cebolla Cabezona?;
¿Cómo se llama la esposa de Osama bin Laden? - Estrella Torres ;
Gay: ¿Se encuentra el doctor Vergara? Recepcionista: No, señor, Está usted equivocado. Aquí trabaja el doctor GUEVARA. Gay: ¡Caray! En qué estaría yo pensando (?) 😳;
Un pollito estaba cansado, entonces dobló una patita para descansar pero siguió cansado así que dobló la otra y se cayó.;
Mamá, mamá - Que pasó Los frijoles se están pegando - Déjelos mijo que se maten 🤭;
-¡¡¡Doctor, Doctor!!! tengo el cuerpo todo lleno de pelos. ¿Que padezco? -Padece un osito 🐻;
Iba Bugs Bunny con Lucas.... Y se las gastó...;
Una legumbre que le ayuda a la gente a mejorar su calidad de vida es un cilántropo.;
- Aló? línea de emergencia? - Sí - Me acaban de pegar once puñaladas - Discúlpeme señor pero lo escucho cortado;
El tigre tony se miró a in espejo para ver zu-carita;
Un oso cayó a una piscina, pero como era panda no se ahogó!;
Había una vez tampico que se fue a vivir a Cali y se volvió jugo del valle. Jajajajajjajajaja muy bueno.;
Que le dijo un pollito enojado a otro...... Caldito seas;
"Habían dos ciegos peleando y un hombre que estaba viendo grito; DIEZ MIL AL DEL CUCHILLO... se termino la pelea";
Habia una vez un Pastuso y dijo : . “.- Yo soy de Pasto”, y vino una vaca y se lo comió!;
El gay de la cuadra cuando ve una vieja bien buena dice, Uy como será el papá;
Iban dos lombrices caminando de paseo y charlando y de repente le dice una a la otra, ayy me duele el estómago y la otra le contesta. Serán lombrices.;
Lucia conto: Íbamos en un carro convertible. Vertible se bajó y me quedé sola, solitaaaa;
Chistes pendejos de frutas: Habia una vez una piña colada y la sacaron de la fila. Habia una vez una uva pasa y la otra se le queda mirando. Ppr qué llora la cebolla? Porque se ba-nano;
¿Cuál es la diferencia entre una calculadora y una toalla? Que con la calculadora se calcula...;
Una uva pasa y........ .........otra la saluda;
Un pez grande molesta y se quiere comer a peces chicos, llega uno y defiende los pequeños dándole una paliza al grande, ellos al verse salvados le preguntan: ¿ quién eres, como te llamas? Él dice: Jean Claude Van Camps;
"- No mi estada Derivada; no te me salgas por la tangente que hay límites; hay límites....";
Porque en África cancelaron los Simpson? Porque los pasan después de comer;
-Porque las mujeres usan tacones? . Para estar a la altura del hombre;
¿Puedes encontrar al negro? No, Porque es igual que el resto de nosotros, es broma, está en la carcel;
por que en haiti cuando estan por dar a luz ponen un recipiente de agua caliente al lado suyo? por si el bebe nace muerto se hacen un caldo;
Abuela, ¿por qué tienes las orejas tan grandes? – Para oír mejor – ¿Y los ojos tan grandes? – Para ver mejor – ¿Y la boca? – Tu abuelo era negro;
Por qué los Downs no pueden mirar películas de terror, por qué son paranormales;
Ella estaba desnuda, que otra cosa pude haber hecho? La autopsia! La autopsia!;
_Señora, puede bajar José a jugar a la pelota? _Que malos que son , si saben que no tiene ni brazos ni pie _si ,pero rebota re bien con la pared;
*un pendejito negro viendo un libro* jaja no entiendo un pingo mejor aprendo a robar;
Tu humor es tan negro que juega al basket;
Cual es el color favorito del negro? Robar;
Una nena se cae de la hamaca,por que? Porque no tiene brazos Toc toc Quien es? La nena no;
Los negros no se convierten en ángeles cuando mueren porque si les ponen alas son murciélagos;
-Que hace un africano vomitando? -Presumiendo que comio;
Por qué la niña que no tenía brazos no se podía peinar? Porque también tenía cáncer;
¿Donde está mamá? ¡No se! ¿Donde está papá? ¡No se! ¡Que viva el orfanato San José! 😋;
cuanto calza un inválido? rodado 29;
Iban, 2 judíos caminando libremente por Alemania, bien dicho, iban.;
Que estaría haciendo ahora Kurt Cobain? Arañando el cajón;
Lo bueno de tener relaciones con una embarazada es que haces 2x1, ella y el bebe.;
Porque los negros tienen los dientes blancos? -Porque no comen.;
En que se parecen las torres gemelas y una lasaña? -Piso -Carne -Piso -Carne -Piso -Carne;
Porque entramos la ropa cuando hay nubes negras? - porque se viene la tormenta?) - No, porque las nubes son negras e igual se roban la ropa;
que diferencia hay entre los que juegan al fortnite y las aborteras??? - que los dos festejan la kill;
Estoy más duro que infancia en Siria.;
Que hace un disléxico frase una formulando? Frase nada formular si sabe no una. Jajajajajaajajaja;
Mamá mamá, ya no quiero conocer al abuelo. Cállate boludo y seguí cavando;
Mi viejo es mago transforma 12 lts de cerveza en 12 horas de abuso familiar... Na mentira no tengo viejo;
Cual es la diferencia entre un cura y el acné? Que el acné espera hasta los 12;
a qué juega una niña siria en el patio de su casa? al buscaminas;
Que diferencia hay entre un beso y un judío ? El judío siempre hace ruido;
Muy fuerte imagen, pocos entenderán, hasta alla volo tu vieja;
Un negro y un blanco saltaron a la piscina El blanco se hundió pero el negro no. ¿Porque? Porque la mierda flota. Gane;
-Que tienen en común los negros y las bicicletas? - Que los dos funcionan con cadenas;
Cuantos policías estadounidenses hacen falta para cambiar una bombilla? – Ninguno, todos se ponen a apalear la habitación porque es negra;
Cómo te das cuenta que un leproso te envia una carta? – Porque en el borde hay un pedazo de lengua.;
-Mamá mamá que es lo que tengo??capricornio,virgo,libra +Cáncer hijo cancer;
Cual es la mayor causas de niños desaparecidos en Haití? El viento;
Un calvo se topa con un jorobado y le dice: - ¿Qué llevas en la mochila? - Tu peine, imbécil;
Cuanto sale una silla de rueda? 2 gambas;
Tres negros van en un auto,¿Quien maneja? La policía xdxd;
Cual es el programa favorito de Sergio Denis?? Ahora caigo;
-Que es muy largo y negro? -La fila para cobrar planes sociales;
Sabías Que los simpson no son los únicos Que predicen el futuro? + y quien más lo hace? Muestra una foto de un bully diciendole date por muerto a Cameron Boyce;
Me está andando el wifi mal, espero que no se caiga como Chapecoense;
Xq no existen negros dawns? Xq dios no castiga 2 veces;
No de aquí no me voy. Esta carta te salva de irte al infierno de haberte reído de algo moralmente incorrecto;
Por que existe el chocolate blanco??? Para que se ensucien los negros...;
Churros churros lleve sus churros mientras lee los comentarios;
Esta es la comida tradicional en mi país, pero Abdul, el plato está vacío. Lo sé;
"cuántos colores tiene un semáforo? cuatro: rojo, amarillo verde y el negro q limpia los vidrios ;)";
Quien vive en una piña debajo del mar?? Los sirios que no llegaron a Europa;
El humor negro es como las piernas: algunos las tienen, otros no;
-señora su hijo puede salir a jugar? +pero si no tiene brazos ni piernas -pero sabes como rebota contra el piso;
¿Por qué los sordomudos se masturban con la mano izquierda? Porque gimen con la derecha;
Qué le dice un mudo a otro mudo? - - -;
El otro día pase caminando por una calle y habían dos pobres pegandose con unos ladrillos, y nada, me fui rápido porque no quería interrumpir su pelea de almohadas.;
Que es un leproso en una pileta? Una pastilla esfervescente;
Cuál es la ventaja de salir con una bizca? Que mientras te tira la goma te cuida la moto;
Que hace Ana Frank en el pasillo de jabones? Una reunión familiar;
Como metes cien negros a dentro de un fusca? Tiras una galletita;
When encuentras un libro de cómo tener novia en 7 pasos pero eres inválido: Por un demonio lo que faltaba;
Donde hay mas africanos, en el norte o en el sur? Depende para donde sople el viento;
Por qué EEUU no bombardea África? No encuentran un blanco;
Yo: Había una vez un osito que fue a la plaza, se subió a la hamaca y se cayó. Les dio gracia? Ustedes: No Yo: Al osito tampoco;
Que corre más rápido que un negro con un tele? Su hermano con el DVD;
Que le regalaron al nene sin brazos para su cumpleaños? ... ... No sé sabe porque todavía no lo pudo abrir.;
Que tienen de parecido mi viejo y el jugo?? Que si lo mezclas con alcohol pegan mas fuerte;
María Eugenia Vidal padece de COVID-19 por no usar barbijo y horacio la rreta;
Por qué Hitler mataba primero a los judíos y después a los negros? Por qué priemero esta el deber y después la diversión.;
Un tipo entra en el dormitorio y le dice a su mujer: -¡Ah, muy bonito! Yo como un estúpido buscando el cinturón por toda la casa, y tu aquí ahorcada con él, ¡no te jode!.;
-Mama mama, el abuelo es colorado? ~No hijo. -Entonces se cago un tiro;
+ Dime la verdad, ¿Tienes otra? - No + No me mientas ¿Tienes otra? - ¡ Que no gorda! No tengo más empanadas, ya te comiste 5, no jodas. Jajajajajajjaajaja;
-papá papá ¿qué es el humor negro? -bueno hijo ¿ves a ese hombre sin piernas? -pero papá soy ciego -exacto;
Que diferencia hay entre papa noel y un judio? -Que papa noel entra por la chimenea, y el judio sale;
La comida es como un pete, si lo hace tu abuela es mejor;
Porque en africa los tachos de basuras estan pintados de naranja y amarillo? -Asi piensan que estan comiendo en mcdonald's;
"Si eres gorda evita ponerte ropa de ""militar"", pareces tanque de guerra";
Hija que quiere para tus 15 años? - yo quiero un vestido que me quede apretado en el torso para que se me vean bien los senitos, quee quede ajustadito en la cintura para que se vea bien la figura y largo largo largo para que no se vea la silla de ruedas.;
Mama mama, de grande quiero ser bailarina... -y ademas de paralitica pelotuda;
-Cuál es el deporte preferido de los curas? - no sé cuál? -El golf -porque? -porque todos los agujeros tienen menos de dieciocho;
q es verde tiene alas y no vuela???? el avión del chapecoense;
Si tengo 10 manzanas y Gerardo me roba 4 ¿De qué color es Gerardo? Blanco, si fuera negro se robaría todas;
Por qué los niños de África no tienen regalo en navidad? Por qué niño que no come no tiene regalo.;
Que hace un tornado en africa? Una chocolatada. Bue era malardo;
La otra vez conocí una chica judía y me pidió mi número, yo le dije que acá nos tratamos por el nombre;
Cómo te das cuenta que el manco no encontró su consolador? *Porque tiene el muñón lleno de caca;
Había una vez un pez que quería ser locutor…Pero salió al aire y murió 😢;
¿Que tiene Woody en el celular? Un buzón de Buzz;
Que es un pelo en una cama?: un “vello” durmiente 😂;
Cómo se llaman los zapatos que usa flash para dormir? ... Sus pantuflash🫣;
El sargento le dice al soldado:“Soldado, ice la bandera”Y el soldado le responde:“Ay pues le quedó bien bonita sargento” 🥁;
—Parece que su tos ha mejorado. —Es que estuve practicando toda la noche.;
-Doctor, ¡tengo el hueso afuera! -Dígale que pase.;
- ¿Cómo se llama el café que estuvo en la cárcel? -Cafe ex-presso JAJAJAJAJAJAKKSL No mms que bueno está Saludame jordi, aprovechando que no hay mucha gente aún 😭;
-Necesitamos apoyo +Ya pollo va en caminooo;
Llega una persona que le gustan muchos los clubes. - Disculpe, este es el club de los Nostálgicos? - Sí, pero ya no es lo que era. 😂😂😂;
- ¿Cuál es el animal más antiguo? + La cebra, ¡porque está en blanco y negro!🥴😂;
-Que te pasa? Porque lloras tanto? Se murió alguien? -No, vengo de una entrevista con Yordi 😪;
—Hijo, sal del coche y fíjate si funcionan las intermitentes.—Ahora sí, ahora no, ahora sí, ahora no, ahora sí, ahora no…;
-¿Cuál es el género musical favorito del tomate?-La salsa.;
¿Cuál es la diferencia entre un volcán y un terremoto? . . . Que el terremoto ensucia Y el volcán lava 🌋Saludos 🤗;
-perdone es usted clara? -claro -ah perdón señor;
¿con qué se emborrachan los pingüinos? con Licor del Polo;
Eliminar correos no deseados es súper fácil, spam comido.;
¿qué hace un pez en el cine? nada, es un MERO espectador;
DOCTOR CAMPANA, DOCTOR CAMPANA, SU NOMBRE ME SUENA;
-¿A ti te parece bonito? -Sí... -Pues es atún;
-nivel de inglés? -excelente -traduzca un zapato -a shoe -Jesús -gracias -de nada hombre;
-está bueno el puré de la abuela? -sí pero la echo de menos;
¿cómo se llama el hermano vegano de Bruce Lee? Broco Lee;
-perdone es el club de los despistados? -señor esto es un restaurante;
-perdone es aquí el club de los bordes? -pirdini is iqui il clib di lis birdis???;
¿sabéis que le da un condón normal a un condón roto? las condonlencias;
-cariño la cisterna pierde -bueno tú dile que lo importante es participar;
qué dice una cereza mirándose al espejo? ceré eza??????;
se abre el telón y aparecen dos flanes discutiendo, se cierra el telón cómo se llama el cantante????? Flan Pelea;
qué le dice un pene flácido a uno erecto????? tío no te precipotes;
¿cuál es el peinado favorito de los carteros? los tirabuzones;
-perdone la calle saboya???? -pues depende de la intensidad con la que camine la gente señor;
qué le dice el 0 al 8?????? bonito cinturón;
¿Que es una gamba tirando piedras? Una GAMBERRA;
- Frodo, estamos en peligro! Se acercan los orcos, tu espada se ha puesto a brillar! - Usted no hace falta ni que sople, por favor estacione el vehículo ahí a la derecha.;
Qué le dice una foca a su madre? I love you, mother foca;
-Que hace Michael Phelps? -Nada.;
Te sabes la canción de teta? No Te la toco?;
*vengo a hacer la revisión del gas. -¿vestido de bombero? * ahí de verdad Mari que yo para estas cosas no valgo.;
-Sales, minerales? -No, estoy castigada;
-Sócrates, Sócrates ¿hay agua ya en la piscina? - Solo sé, que no se nada.;
¿Cuál es el segundo programa favorito de Batman? El diario de Batricia;
¿Cuál es el tercer programa favorito de Batman? CSI Baticano;
¿Cuál es el colmo de Batman? Que le Robin;
¿Cuál es el segundo colmo de Batman? Yo que se tio, déjame en paz.;
Una vez Batman dio una patada giratoria tan rapido que superó la velicidad de la luz y la velocidad absurda, viajó atrás en el tiempo y mató a Kennedy.;
Hola tienen zapatos del 36. No señora de la guerra ya no nos queda nada.;
Seguid avanzando.!!! Y Vanzando no conocía el camino y se perdieron . . .;
Que se pone superman para salir.....super fume;
Como son los hijos de superman?.....super mancitos;
Mi abuela en el banco: -Quiero sacar 500 pesos -En ventanilla mínimo $2000, si quiere menos tiene que usar el cajero - Es que no sé - Bueno venga otro día y un compañero le enseña - bueno deme 2000 - Aquí tiene, alguna otra operación - Si, quiero depositar 1500;
No te sabes el chiste del pescador? Es la caña;
~ hola, vengo a la reunion para gente ansiosa? ~ es mañana señor...;
Jajajaja hay algunos de toda la vida y otros que no sabía. Me guardo el hilo para contárselos a mi hija, es mi público más agradecido.;
Este es un borracho que llega a su casa y cuelga su chubasquero en la puerta , contemplandolo desde el sofá ve que se cae , y dice en su mente menos mal que no me lo había puesto . Orgien desconocido;
Va un caracol 🐌y derrapa;
Un gallego se para debajo de un semáforo y dice ¡coño! ¡Que árbol de navidad más tonto!;
¿Qué es un un puntico rojo en una esquina? Un tomatico regañadito. JAJAJAJAJAJAJAJAJA;
"Cual el es lapiz que mata?? ""lapiztola""";
¿Qué unta Batman en las tostadas? Marsupilami;
¿Cuál es el programa favorito de Batman? La Batidora;
 - Abuelita ¿qué hace? - Aquí hija esperando a que venga el PP a pedir el voto;
A ti esto te parece bonito? Pues no, la verdad, no me parece bonito de tu parte - Efectivamente no era bonito, era atún - Mmira es que te tendría que bloquear otra vez;
"En mi generación seguramente NO EXISTE un ser vivo al que su mamá no le haya dicho alguna vez: ""Chayanne es tu papá"" 😂😂";
 - No vas a salir - Hazle caso a Chayanne - Bueno pero un ratito;
El chiste lo subes a parte o que hijo de tu puta madre;
Deja de tocar y pégale;
Mi novia me termina brutalmente por videollamada, El rpsm de wasa: Cuantas estrellas?;
Trabajadores flacos, gobernicolas gordos;
Gobiernos, derechos humanos no son desintegrados, pero los bots y el spam si;
Nada más satisfactorio que hacer enojar a un chairo;
La comida te proporciona energía, yo después de comer: dormido;
Tienes un problema legal ¿A quién llamas? Al licenciado pugberto o al licenciado gallardo?;
Cuando te dejaste amarrar y la ves venir con el consolador: Triste;
La piña endulza la leche, no el azúcar;
¿Y si vendo cartulina los domingos por la noche?;
Tu lo que buscas es verga. No nos hagamos tarugos;
Mi suegro perdiendo contra el ladrón que entró a su casa, yo saliendo del closet de su hija:;
A continuación el alumno de 4B que hará la representación de Juan Escutia;
Desde aquí se te ve lo putrijilla;
Rio: Fluye Castores: Pondré fin a esta tontería de inmediato;
Vuelvo en 20 minutos El perro: Bueno, se ha ido para siempre, solo me queda una cosa por hacer, destruirlo todo;
Usar preservativo, tomar pastillas anticonceptivas, hacerlo de noche mientras los espermatozoides están dormidos;
Se escucha un trueno, mi mamá en corto: Desenchufa todo;
¿Qué le paso a la tía Helen? La mataron los zetas;
Soy gay, soy gay, soy gay, le voy a las poderosas Águilas del América;
Llevo 2 años pagando Pornhub y nunca había visto una mamada como la que acabas de entregar;
Aquí son muy machistas, mejor me voy, ARREEEE;
Un pinche calvo, cualquier persona racional le pega;
Dora la Exterminadora: Arnold Schwarzenegger;
Mi cara cuando un pibe se queja de los nuevos KOF y alaba al KOF 2002 contandome su infancia tercermundista de las tortillas por 341481346815 vez;
Yo atascado en todos los pedos en los que me meto:;
Y recuerda no eres Prieto, vienes polarizado, animo caldo de frijol;
Si la lengua es un músculo quiero que tu panocha sea un gimnasio;
Yo en mi trabajo con verdaderos afultos que mantienen familias y yo solo quiero dinero para malgastarlo en mí;
Borracho desenterro a su amigo para llevarselo a tomar: Ese es un verdadero amigo;
Fotos de OVNIS borrosas, fotos de planetas 1000 años luz claras;
Prietos tus codos, yo soy color canela tentación;
Contamos con excelente ambiente laboral, el ambiente laboral: Una orgía;
 - Una orden de tacos, pero con la salsa que no pica - Claro que si joven ¿En plato normal o de princesa de Disney?;
 - Señor, aquí venden cigarros - Si joven, aquí vendemos - Está mi papá?;
El único progreso que estoy teniendo es hacia la demencia.;
 - Bienvenido a México amigo haitiano - No mms vivo en Ecatepec;
Mi hijo es un pendejo apoya la reforma judicial y ni leer sabe;
Me enamoré de cada uno de tus lunares - Es viruela del mono cuchurrumín;
"Tommy Lee Jones siempre tiene cara de que su hijo le acaba de decir ""Es un honor estar con López Obrador""";
La esquina se ve muy sola, pintemos unas putas;
A cuánto la PEPSI, grandota como de este vuelo?;
Que mala vibra traes we, tomate un licuado de cuarzos o algo;
Kepedo we ando bien humano we;
Un cerdo dice vas a medio camino panzón;
"""Soy mujer y el que no me crea me puede rascar los huevos!"" ";
Que perra para ser tan pendeja.;
Como pensaba llegar a viejo bien feo, como va pintando el panorama estando bien sexy y bonito;
Que el desodorante diga 48 horas no significa que hay que desafiarlo, date un baño papito lindo;
El profesor de la materia de relleno: De mañana un informe de lecturs del pdf que mandé - El profesor que tiene la materia del nombre de la carrera: qué sección es esta?;
El vecindario donde bandas estadounidenses hacían canciones de miseria: San Francisco - El barrio donde Juan Gabriel compuso Buenos días señor sol es un cochinero;
Mejor callese carbón, usted fue papeado;
Ni las luchonas te quieren y eso que las luchonas aceptan a cualquier proveedor;
Quiero crear un movimiento de gente cansada de todo, un movimiento hartístico;
Un supervisor de área bien gordo y la morra que le gusta bien bonita;
Dile yaaaa a tus papás que no van a regresar;
Un pug dice: ahorita no joven, estoy viendo porno y está viendo dos pugs acostados;
El orden de los factores no altera el producto, mientras tanto Chikapu bien feo;
que alguien por favor suba el de: .- Y tu puta cara era necesaria en el vídeo?;
Viruela del mono llega a Torreón y golea 3-0 al Santos Laguna;
El maestro: dejen de bailar o llamo a sus papás, solo bailan el sordo y el huérfano;
Y si no le gusta el gobierno, bien pueda arranque para Argentina para que le paguen el salario con leche.;
Sonic el Dr se quedó sin dinero y ahora me quiere vender al fierro viejo por piezas;
Ahora no hay tiempo para tu bajón emocional, tienes que hacer dinero beibi;
Mi compa planeando el fin de semana: sexo pornográfico;
Tienen que dejar de fijarse en el físico y empezar a fijarse en los memes que uno pone;
El wey del trabajo contándome que debe mantener a su familia - Yo que solo me metí para comprarme una moto;
Amor prohibido murmuran por las calles, porque somos de distinttas sociedades;
Carnal a nadie le importa a quien apoyas en la casa de los famosos;
Por qué no me llega mi pedido, si lo pedí por estafota?;
Esto no es un meme, es una opinión personal tuya;
Soy ese, soy ese, soy talla ese;
Ah perro, traes la gema del hambre;
Mi vrga me ha llevado a lugares a los que no iría ni con un arma;
Aquí estudiando como si el país tuviera futuro;
Ahorita no dormir puedo, ah, pero no estuviera yo en el jale, porque hasta me duermo parado;
Un calvario lleno de calvos y una barbarie llena de barbas;
Me dijeron que pa no dormirme me comprara unos pericos… pero estos pendejos igual se vienen durmiendo;
No se, espero haberte ayudado;
Los incomparables comparándose de nuevo;
Así es papito, ya me vale vrga estar en buró de crédito;
Este hijo de puta salió del agua, y ahora tengo que estudiar una carrera;
Ya saquen la ensalada de manzana;
Te cuesta 0 pesos ser amable - No me alcanza chinga tu madre;
Es una trampa, le van a robar sus memes;
Cuando tu papá quiere que partas el pastel con el mismo cuchillo con el que los amenazó anoche;
Tantos años de andar en bus y todavía me siento donde da el sol aparte de pobre pendejo;
Si iron man fuera de Tenosique: Jarvis vamos a vender queso;
No te voy a seguir rogando, si me contestas bien, si no, ahí te va otro mensaje;
Donde pongo el ojo vivo la peor experiencia amorosa de mi vida;
Mis amigos en internet: Te quiero conocer en persona - Yo sabiendo que soy un gato domesticado con acceso a internet público;
Yo viendo como 2 compañeros se pelean porque ninguno me quiere en su equipo;
Yo a los 8 años prendiendo la luz del auto, mi papá pegándome:;
Queremos tranquilidad, putas fuera dijo el viejo;
Perro callejero se enoja al ser llamado gufi ajio ajio;
Si te voy a contestar, solo dame un mes;
Eres open mind? Open dejo?;
Países donde el presidente se quita poder sobre los jueces y lo llaman dictador: México;
Por ahí se cagaron y no fue de la risa;
No te quiero ver pedo el 15 y 16: nos vemos el 17;
 - Paaa me perdí de la excursión pero esta amable señora (una actriz porno) me está cuidando - Hijo mío aún eres joven para comprenderlo, estoy orgulloso de ti;
Algunos vatos saben hacer buenos memes, pero algunos vatos no;
Como dijo el perro de apoyo emocional: Usted vino al mundo a triunfar no andar haciéndose pendejo;
Yo sentándome en una máquina para ejercitar. Los niños brócoli de la nada: te falta mucho bro?;
Si coger es rico, diganle a coger que lo vamos a expropiar;
La vieja confiable: confía en mi we;
Estamos recogiendo firmas para evitar que mañana sea lunes;
Te dijeron que no podías ser pendejo y te lo tomaste como reto. Hijo de tu puta madre;
 - Loko, me lo pasas? - Las patatas? - No, la mesa - Le tira la mesa;
Como dijo el conejo de Duracell, esta semana si me pongo las pilas;
Mmmm que ojete, el amarillo está re callado, el amarillo: e que sou brasileiro;
Podré estar pendejo pero yo al menos no compré WinRAR;
Con barba me veo 10 veces más guapo de lo normal, lastima que 10x0 = 0;
Saludame a tu puta madre bro, la muy perra dio luz a un verdadero comediante;
Estoy vivo por 2 cosas: Porque nací y porque todavía no me muero;
Y recuerden, si te suicidas te mueres y dejas de vivir;
Usar ropa es de geis, porque la ropa sale del closet y eso es muy erso;
"La gente es muy desagradecida, si te llevo el café a la cama lo mínimo que debes decir es gracias, en lugar de ""cómo entraste a mi casa?""";
La que me gusta se ha quitado la foto de perfil y no le llegan los mensajes, creo que le gusto;
No entiendo que problema tiene mi familia con que juegue a hacer castillos de arena con mi abuela, el mundo es libre y puedo hacer lo que quiera, y si no te gusta te vas a otro crematorio;
Típico despertar cada mañana y ver cómo caen bombas atómicas a Israel;
Hijos de puta me acaban de ofrecer sexo a cambio de recomendar una marca de detergente, desde luego no he aceptado porque tengo dignidad y mi voluntad es fuerte, tan fuerte como mi Ariel líquido que con solo 1 cazo elimina todas las manchas de tu ropa dejando un suave aroma.;
Un corazón vale 442000 y yo te estoy dando el mío gratis;
Si ves a 2 gatos peleando, pon música de Linkin Park de fondo;
No hay cumpleaños sin cum porque si no sería pleaños;
Hola chica, para mi eres una puta: Princesa única tierna y amorosa;
Dios me dio la vida, pero momazos diego las ganas de vivirla;
A trabajar porque dios me hizo guapo pero no rico;
Si fuiste violado de pequeño deberías sentirte afortunado por evitar todos los spoilers acerca del sexo antes de follar;
Sonic despierta, necesito que me sigas en twitch mis papás me quieren obligar a buscar un trabajo;
Hoy mi dija se acercó y me dijo cuando crezca quiere ser bailarina, que linda, además de ser paralítica es pelotuda;
Sabías que las palomas mueren al tener sexo? Al menos la que me follé si;
3 horas es un poco excesivo no? Yo de ti iría al médico;
Chavales tengo ganas de ver una película con mi novia? Me recomendaís una novia?;
Me llaman frio y no entiendo aún porque no tengo frío;
Los furros son como esos resortes, no sirven para nada pero se ven graciosos cuando los tiras por las escaleras;
Los fanfics de Goku son como los Iphones, son la misma mierda pero los fans no se dan cuenta;
Amigo, eso está muy heavy pero no te pregunté;
Adivinad quien tiene 25 llamadas perdidas de su ex? Efectivamente mi ex;
Si me dieran 1 euro por cada vez que me dicen guapo, tendría 2 gracias a mi mamá y mi abuela;
A mi no me digas BYE porque pienso que significa Ben y establezcamos una relación para siempre y me ilusiono;
Quedate con esa persona que se quede contigo, porque si no se queda contigo pues no te puedes quedar con esa persona;
Racismo? Pero mi pana, somos células hechas de moléculas y en cierto sentido todos partimos de lo mismo;
Si fumas vaper pensanso que es sano, lamento decirte que es igual o peor que el tabaco disfruta el cáncer de pulmón :D;
Si no fueras pendejo ¿Qué te gustaría ser?;
Los que se burlaban de mi por ser feo en primaria, que sepan que las cosas han cambiado y que no estoy en primaria;
Como vas a ser intolerante a la lactosa? Tolerala y listo bro no es tan difícil un saludo mastodonte.;
Hola chikibeibi, ya no hagas ejercicio total, siempre corres en mi mente;
Sabías que el corona virus al revés es surinavordc que no significa nada, igual que lo que sientes por mí;
No le meto dineor a los juegos free to play porque si tuviera dinero me compraría un dinero de verdad y no andaría jugando dineros free to play;
Sonic dice, la homofobia es estupida por qué te enojas de que le dan pito a otro y eso son celos.;
Mañana será 02 02 2020 que se lee igual tanto de atrñas como hacia delante como de delante hacia atrás, que casualidad, follamos?;
Que me has contestado después de 8 horas? Pues ok ahora te esperas 2 minutos.;
Que significa onvres y por qué las chicas de 14 años sin figura paterna lo dicen tanto???;
Si un día te encuentras con alguien homosecual no te burles de él, solo tienes que llevarlo al manicomio más cercano y serás buena persona;
Si algún día te encuentras con un fan de UNDERTALE, no te burles de él, solo llevalo al hospiital psiquiátrico y más cercano y serás una buena persona;
No puedes cambiar tu pasado pero aún puedes arruinar tu futuro;
Que locura, han detenido al panadero por vender DNIs falsos;
Porque Facebook me pregunta ¿Qué estás pensando? Si siempre estoy pensando en ti;
Estoy re orgulloso de vos amigo, sos re fachero y la tenés re grande además sos alto pibe y tenés a todas las minas atrás, no dejes que nadie te tire para abajo y recordá que si hay un abajo hay un arriba y vos estás en la cima rey, nada un beso enorme y un abrazo a tu familia, cuidate mucho.;
No digan pito porque luego viene el que se cree nazi y te lo arranca a mordiscos.;
Si una chica te dice que la tienes pequeña solo recuerda que le mide 0 centímetros;
Hey no te quedes decepcionado por estar roto, una bola de disco también está un roto de mil partes de discos y mira todavía sigue brillando, sé una bola de discos.;
Tengo un montón de talentos escondidos, solo están tan escondidos que no los puedo encontrar;
A esta hora solo quedamos despiertos los guapos, así que buenas noches que no pinto nada aquí;
Este truco lo llamo, esto no es un truco ayuda no tengo amigos, necesito un abrazo;
Tal vez edad es solo un número para ti, ¿pero sabes que más es solo un número? 911;
Pues viene el boomer de mi abuelo y me dice que los jóvenes estamos todo el día con el móvil y necesitamos la tecnología para vivir, pues lo acabo de desconectar de su máquina de oxígeno, a ver quien necesita la tecnología ahora máquina;
Me cae mal la gente que usa palabras que no saben que significan, solo para verse más hipotenusa;
Cómo se te va a caer la dignidad? Agárrala y listo no es tan difícil, cuidate master;
Al chile le hubieras dado chances a otro espermatozoide por qué la neta publiccas puras idioteces sin sentido crack;
Consejo del día: Ninguno porque es de noche;
La masturbación causa pérdida en la memoria y otras cosas que no me acuerdo.;
Si alguna vez estás aburrido, golpea a un huérfano ¿Qué va a hacer, llamar a sus padres?;
Ver lolis si te hace pederasta y decir que es lo mismo que los videojuegos caudan violencia no sirve porque los juegos no buscan psicópatas pero el lolicon busca audiencia pederasta;
No le rompas el corazón a nadie, solo tienen 1, rompele los huesos, tiene 206;
El suicidio no es la respuesta, a veces si, por ejemplo, si alguieon dice, como se dice cuando te matas a ti mismo;
Incluso siendo adulto jamás tendrás la confianza de decir groserías frente a sus padres;
Solo porque eres un animal antropomórfico no quiere decir que te hace un furro;
¿Por qué las feministas le echan la culpa solamente a los hombres y no a los otros 112 géneros? Exacto porque no existen;
El machismo es gay, es decir tratas mejor a un hombre que a una mujer, te lo quieres coger o que?;
Hoy no hay meme ten una pepsi y recuerda, imposible no es nada, Adidas;
— mínimo común múltiplo? — se va. — trenzas rojizas? — déjala, temazo.;
Deja que tu pisa papeles Tenga más pisa papeles De darle pisa papeles A tu pisa papeles Para tener el pisa papeles De cambiar la pisa papeles.;
Con la única persona que compito es con mi yo de ayer (voy perdiendo);
Mi ama: Hijo ve por las tortillas, yo todo un chatGPT lover: IA voy;
Como te mira la chica a la que supuestamente le gustan frikis y que verdaderamente eres un griki y no un man tatuado que usa lentes:;
Peliculas cuando quieren mostrar a una mamá trabajadora pero ausente: señora en el médico;
Estaba haciendo un árbol genealógico y se me ocurrió ponerles caras XD;
Mi perro hace cualquier cosa, mi viejo: es bien inteligente verdad?;
Hablo: la cago no hablo: la cago voy al baño: no cago;
El salario de un niñero de estados unidos es más grande que el salario de un ingeniero de latinoamérica;
A la mierda los niveles de poder, puede tu antagonista favorito vencer a coraje?;
Pongo un tema de los años 80 en youtube, los comentarios: esto si era música no como el reggaeton de ahorita;
Yo viajando al pasado pa decirle a Jesus que un tan judas se le va a virar;
Cuando te toca trabajar con el pendejo del salón: Ahora la pokefilia es canon;
Fans de Pokemon escribiendo las mayores cochinadas y atrocidades más enfermizas que existen los mismos fans después de leer la filtración: quién hizo esa diablura?;
Esta pintura define totalmente cómo me siento: quiero dinero;
Estoy coqueteándole a la mesera bonita del restaurante y mi compa me pregunta si nos regala una bolsa para llevar los huesos.;
La carrera de ingeniería diseñada para durar 9 semestres y llevo 13 semestres;
El abecedario es cosa de niños, el abecedario que yo y mi pana usamos: demoniaco;
Se andan cogiendo a los curiosos: Por qué?;
Mmmm que rico pollo Otra vez venis drogado pendejito? Drogado? Que te pasa vieja estoy comiendo pollo y venis a bardiar Estas comiendo sorete pelotudo;
Es la turbina más rara de todas: el meme de la turbina editado por artesanos de la turbina, exclusivos del medio de la turbina;
Dans del doblaje cuando un actor de doblaje sustituye a otro más veterano: Muchachos, haganle bullying hasta que se suicide;
Paso a visitarte, más vale que no estés romantizando tu melancólica soledad;
Flinn Loco viendo como lo llamaron en la traducción latina: Me llamaron loco;
Phoenix! Le ganaste a Leto como el peor Joker;
When saludas a tu amiga trans: que transa xdxdxdxd;
Uno ya no puede salir a comer tranquilamente porque nunca falta el pedazo de renacentista que se pone a pintar a la gente (no se van a poder mover en 12 horas);
Este conchetumare salio del agua y ahora tengo la gracia de poder comer empanada, choripán y curarmme raja con una réplica que cosa más rica gracias;
Por qué mi teléfono aguanta un video de GTA V y no lo puedo jugar?;
El campesino que se le murió toda su familia en la tormenta viendo que le ponen el nombre de una tragerdia a la princesa que nació comoda en el palacio:;
Culiaos en batallas de freestyle ser como: me culie a tu vieja, a tu prima, a ru abuela a tu tía;
Mis amigos y yo espantando viejas con nuestro conocimiento en videojuegos: Celeste es sobre muchas cosas…;
Los weyes que fueron a ver Joker 2: Mejor hubieramos ido a ver el Robot Salvaje;
El novio de mi mamá me retó a jugar crash nitro kart, pensó que iba a ganar, le metí una humillada. Pero se cogió a tu mamá;
Cuando juntas el gore sin sentido con las mejores mecánicas de un juego de peleas: A eso se le llama mortal kombat;
Fans de Yakuza durante las cinemáticas: Oh la novela;
Los Xmen desaparecen un día de la mansión. Wolverine: Ayer derroté a todos los villanos;
Señores pasajeros, mi intención no es molestarlos: *Molesta*;
Yo escribiendo mi testamento porque me dio gripe;
Pasan la repetición de otro gol, mi abuela: Otro?;
"Cuando el narco que balacearon sigue molestando después de su muerte;";
Terminé con mi novia mamá, menos mal hijo viene diciembre y esa muchacha tiene 4 hijos que no son tuyos;
Equipo de heroes existe. El lider: chicos sigan el plan y los salvaremos a todos;
Me compro unas papas. Mi compa que en toda su vida nunca invitó: Me das?;
Soy policía y el 80% de mi duelo se va a una pensiòn de alimentos, estoy pasando a 3 madres diferentes, puedo hacer algo al respecto? La vasectomía;
Hacer el mejor diseño de princesa en hora de aventura, jamás usarlo, no tiene interacción y solo está de fondo;
Mi sobrino desbloquea una tablet. Un don de la nada: Estos niños ya vienen con el chip vea;
No todos los demonios tienen cuernos, muchos tienen delineador;
Siento que las cucarachas blancas son más limpias que las cafés, me pasa lo mismo pero con las personas;
Cuando te preguntan donde ver The Boys: En amazon Prime;
No seas tan duro contigo mismo, literal hay weyes que se la pasan viendo videos de cómo ser un macho alfa;
Hey, me das odorante? Si tengo otaku que quiere ser mangaka o estudiante de bellas artes;
Ari y Juan se separan. Gente con estudios: No encuentro trabajo estable;
Cuando le preguntan su tipo de fan al SOLO DAMAS;
Tu merecías ser feliz y tener una familia. Ponte a entrenar mandilón, das asco;
Pibitos católicos cuando les dices que ser católicos significa ir a misa, confesarse y no solo postear sobre las cruzadas en internet;
E we este miercoles de ceniza cae viernes 13? Como va a caer viernes 13 animal;
Mi abuelo lleno de plomo, mi papá lleno de asbesto, yo lleno de microplásticos;
Hombres borrachos: tristes. Mujeres borrachas: Quiero destruir Israel;
Por fin hemos creado el arma más poderosa del mundo, a Japón le metieron 2 de esas y ya es potencia mundial;
"Cuando mi esposa pide pizza pero yo escucho ""si si, sin pepperoni extra, si, la pizza está armada""";
*Inquisición española existe* La realidad: Josué de las Rosas, estas brujas son puras viejas vende humo;
When estas apunto de convertirte en zombie but te acuerdas de la ley y el orden hizo un episodio donde terroristas gamers secuestraban mujeres gamers;
Alguien vio esto y dijo: hay que destruirlo todo y construir una colonia con ttechos de lámina;
Man como te vas a llevar materias sos boludo dejalas en la escuela y listo ;
No se ustedes pero esta no es la vida que planee cuando tenía 8 años;
Estoy tan feliz que si me echo un pedo sale confeti;
Ola quieres ser mi amigo Ventajas: tendrás un amigo Desventajas: seré yo;
Si tienes una duda preguntale al 2 o al 3 porque el 1 nunca sabe;
Mi mamá me dio la vida, Perú las ganas de vivirla;
Podré ser feo, inseguro, intenso, con temor al rechazo, timido, sin amigos, aburrido;
Siempre es mejor vivir con un lobo que siempre será lobo que con un sapo que se convertirá en un asqueroso sapo;
Podré ser alto y seguro moriré sin haber tenido una novia, pero yo no les digo demonios defectos de personalidad;
Si alguna vez sientes que desperdiciaste su visa acuerdate que hay gente que vio animes enteros porque eran famosos y no por gusto;
El planeta te daría las gracias si no contaminases con tu hedor, así que duchate Otaku;
Con que eres autosexual, ahora entiendo por qué tantos autos con el tubo de escape averiado;
¿Qué te sientes hombre o mujer? Deja de decir sandeces y sientate en una silla o en un sofa imbécil;
Pareciera que hoy me levanté con el pie izquierdo porque es el único que tengo;
Las personas que miden menos de 1.60 como bajan de la cama por las mañanas? En paracaidas?;
Si tengo 10 gomitas las 10 son mías porque ps no mames comprate las tuyas;
A ver flaco que mierda dijiste de las lentejas de mi vieja?;
Los ateos que dicen adios y no aciencia, en fin la hipocondría;
Creo que mi crush es estadounidense porque solo me USA;
Yo buscando el que se está gastando mi dinero a lo menso:;
El anime es un invento del gobierno para ahorrar agua;
Y el otro día fui a un restaurante con mi novia y me dijeron que los menores de 10 años comen gratis;
Te voy a dar un beso, si no me lo devuelves no hay problema;
Yo no puedo valer verga porque si yo valiera verga entonces tendría algún tipo de valor y yo no valgo nada jajaja asies;
Me gustas, pero primero quiero saber si yo te gusto, porque si no te gusto entonces tu tampoco me gustas;
Ventajas de salir conmigo: Porfavor;
Creo que me estoy quedando ciego porque no vi cuando te pregunte;
Para mi, no hay mejor papel higiénico que tu opinión;
Estoy triste, pasen su tarjeta de crédito;
Ya falta poco para que el año acabe, conmigo;
La vida sexual es como un ferrari, no tengo ferrari;
Dios mio, dame fuerzas para bañarme;
Mi meta no es ser la tía a la que los sobrinos le ocultan los estados;
A qué te dedicas? Soy tráficante de organos. No tienes corazón. Me llega el jueves;
La única imperfección de mi cara es mi cara;
Otra vez en el colegio por culpa de 2 personas que no usaron condon;
Odio a la gente que usa palabras que no saben que significa solo para verse más fotosintesis;
A veces indirectas, a veces solo publicaciones, para que sepan;
Si me ven en la calle no sean tímidos, atropellenme;
No entiendo por qué la gente odia los lunes si todos los días son igual de miserables;
El desayuno se toma mirando a punto fijo y odiando haber nacido;
Ustedes me ven normal pero yo le digo callate a los anuncios de youtube antes de quitarlos;
Si la paja te la haces por la mañana como se llama? Porq vladimit no puede ser porque no te vas a dormir, sería algo así como Baltasar una paja y a desayunar;
Típico vas caminando por la calle y te dan ganas de medir un árbol con las razones trigonométricas;
A mi no me digas NAH porque pienso que dices Hidruro de sodio y empiezo a creer que hay química entre nosotros;
"No vivas del que dirán vive del ""y a mi que chucha""";
No manden eso mi vieja me revisa el celular;
Que xd usas según la ciencia: Tengo diarrea cada 2 minutos, necesito comer, llevo un mes sin tocar un vaso de aguaa, tengo problemas familiares y están por echarme de la casa;
Tu mama tuvo gemelos y tiro uno porque le salio repetido;
Recuerda que la vida es bella, lo feo es uno;
Insultos que tendrán más peso en generaciones futuras: Tu papá se creía poeta maldito;
Insultos que tendrán más peso en generaciones futuras: Tu papá descargaba batallas de rap como si fueran música;
Insultos que tendrán más peso en generaciones futuras: Tu mamá se enamoraba de personajes de anime;
Insultos que tendrán más peso en generaciones futuras: Tus papás le pagaron la última hipoteca a Tom Nook;
Insultos que tendrán más peso en generaciones futuras: Tu papá lloraba porque abuchearon a Messi;
Insultos que tendrán más peso en generaciones futuras: Tu papá reprobó en linea;
Insultos que tendrán más peso en generaciones futuras: Tus papás hicieron fila por un tulipán;
Insultos que tendrán más peso en generaciones futuras: A tu equipo le hizo un gol pikachu;
Insultos que tendrán más peso en generaciones futuras: Tu papá le hizo una casa a tu mamá en maincra;
Insultos que tendrán más peso en generaciones futuras: A tu club lo salvó maratea;
Insultos que tendrán más peso en generaciones futuras: Tu papá decía ser pro aborto para culiar;
Insultos que tendrán más peso en generaciones futuras: JAJAJAJ te empató alianza lima;
Insultos que tendrán más peso en generaciones futuras: Tu papá tenía una pagina de memes;
Tu papá usaba memes de tu papá usaba;
Lo hice por mi complejo de papá consentidor, no me debes nada;
La Switch 2 se anunciará el mes siguiente, o el siguiente, o el siguiente, o el siguiente, o el sig-;
La trama de sonic: que bonita vecindad. La subtrama de shadow: te vamos a matar;
Mi alarma cuando se entere que hace 10 años emulé Ocarina of Time;
Un gran ejemplo de mejora en PS5 Pro: Un gran cambio;
Cuando tengo problemas: Mi problema con los exclusivos Cuando no tengo problemas: Por qué Mario funciona y las otras mascota no?;
Sobreviví a septiembre por fin puedo descansar: Octubre!;
Pero la de trabajar no te la sabes?;
Y la de ponerla no te la sabes?;
Y la de callarte tantito no te la sabes?;
Y la iniciativa de chambiar no te la sabes?;
Una serie *tiene 7 personajes*. Youtube del 2012: Representan a los 7 pecados capitales;
 - Por favor amor, es solo un partido. - Perdió bokita perdió la familia me dejas pocas opciones.;
No te muevas, tienes un mosquito en la cabeza: *Le pega una patada en la cabeza*;
¿Veneco? Prefiero el término superior;
Solo uno, solo pido que uno de estos inútiles me de un buen pase;
Fandom de Sherlock Holmes en 1983: Hay que mandarle amenazas de muerte al autor porque no me gusta el final de la obra;
Conclusión de Joker 2: Desde que fui a Perú que no veía algo tan horrible en mi vida;
Vegano. Ingredientes: Agua, aceite de coco, proteína de arroz. Animal. Ingredientes: Foto de un gato;
Kakaroto, ese tal saitama resultó ser muy poderoso. Pero Vegeta, ese es el ciclista sin licencia;
No mi ñaño, hay mucha desinformación acerca de la hierba, te hace más daño que un tomate por todo el químico que tiene;
Yo con 2 horas de sueño y en ayunas teniendo alucinaciones a las onomatopeyas de la familia pelucje: Brrrr Ahhh Queee?;
Japoneses escribiendo finales bostezan, ahhh pero para sexualizar menores.;